[{
    "fields": {
      "slug": "djaodjin",
      "full_name": "DjaoDjin",
      "created_at": "2025-01-01T00:00:00+00:00",
      "email": "djaodjin@localhost.localdomain",
      "phone": "+14155555555",
      "street_address": "350 Bay St.",
      "locality":  "San Francisco",
      "region": "CA",
      "postal_code": "94133",
      "country": "US",
      "processor": 1,
      "is_provider": 1,
      "is_active": 1
    },
    "model": "saas.Organization", "pk": 20
},
{
    "fields": {
      "slug": "security",
      "title": "Security Policy",
      "updated_at": "2025-01-01T00:00:00+00:00"
    },
    "model": "saas.agreement", "pk": 20
},
{
    "fields":{
        "title":"Basic",
        "created_at":"2025-01-01T00:00:00+00:00",
        "setup_amount": 0,
        "period_amount": 24900,
        "broker_fee_percent": 0,
        "period_type": 4,
        "description":"Ideal to focus on Dev and fully leverage DjaoDjin Ops infrastructure.\n\n* Streetside Subscription Firewall\n* Docker Hosting\n* Micro-service load balancer\n",
        "is_active": 1,
        "organization": 2, "slug":"basic" }, "model" : "saas.Plan", "pk": 20
},
{
  "fields": {
    "plan": 20,
    "discount_type": 1,
    "discount_value": 1000,
    "length": 12
  },
  "model": "saas.AdvanceDiscount", "pk": 20
},
{
    "fields":{
        "title":"Premium",
        "created_at":"2025-01-01T00:00:00+00:00",
        "setup_amount": 0,
        "period_amount": 18900,
        "broker_fee_percent": 0,
        "period_type": 4,
        "description":"Ideal to transform your website into a fully featured Software-as-a-Service.\n\n* Setup in minutes\n* Custom Themes\n* Secure Custom Domain\n",
        "is_active" : 1,
        "organization": 2, "slug":"premium" }, "model" : "saas.Plan", "pk": 22
},
{
  "fields": {
    "plan": 22,
    "discount_type": 3,
    "discount_value": 1,
    "length": 12
  },
  "model": "saas.AdvanceDiscount", "pk": 22
},
{
  "fields": {
    "plan": 22,
    "slug": "requests",
    "title": "Requests",
    "created_at": "2025-01-01T00:00:00+00:00",
    "use_amount": 100
  },
  "model": "saas.UseCharge", "pk": 22
},
{
    "fields":{
        "code": "DIS100",
        "created_at":"2025-01-01T00:00:00+00:00",
        "discount_type": 1,
        "discount_value": 10000,
        "organization": 2
    },
    "model" : "saas.Coupon", "pk": 20
},
{
    "fields":{
        "code": "HALLOWEEN",
        "created_at":"2025-01-01T00:00:00+00:00",
        "discount_type": 1,
        "discount_value": 5000,
        "organization": 2
    },
    "model" : "saas.Coupon", "pk": 21
},
{
    "fields":{
        "code": "BASIC50",
        "created_at":"2025-01-01T00:00:00+00:00",
        "plan": 1,
        "discount_type": 1,
        "discount_value": 5000,
        "organization": 2
    },
    "model" : "saas.Coupon", "pk": 22
},


{
    "fields": {
      "slug": "xia-card7",
      "full_name": "Xia Card7",
      "created_at": "2025-01-01T00:00:00+00:00",
      "email": "xia+card7@localhost.localdomain",
      "street_address": "350 Bay St.",
      "locality":  "San Francisco",
      "region": "CA",
      "postal_code": "94133",
      "country": "US",
      "is_active": 1
    },
    "model": "saas.Organization", "pk": 21
},
{
    "fields": {
      "created_at": "2025-01-01T00:00:00+00:00",
      "ends_at": "2025-12-31T23:59:59+00:00",
      "organization": 21,
      "plan": 22
    },
    "model": "saas.subscription", "pk": 20
},
{
    "fields": {
      "created_at": "2025-01-01T00:00:00+00:00",
      "dest_amount": 13800,
      "dest_unit": "usd",
      "dest_account": "Payable",
      "dest_organization": 21,
      "orig_amount": 13800,
      "orig_unit": "usd",
      "orig_account": "Receivable",
      "orig_organization": 2,
      "event_id": "sub_20/"
    },
    "model": "saas.transaction", "pk": 20
},
{
    "fields": {
      "created_at": "2025-01-01T00:00:01+00:00",
      "dest_amount": 6900,
      "dest_unit": "usd",
      "dest_account": "Liability",
      "dest_organization": 21,
      "orig_amount": 6900,
      "orig_unit": "usd",
      "orig_account": "Payable",
      "orig_organization": 2,
      "event_id": "sub_20/"
    },
    "model": "saas.transaction", "pk": 21
},


{
    "fields": {
      "created_at": "2025-01-01T00:00:00+00:00",
      "full_name": "Marie",
      "email": "marie@localhost.localdomain",
      "slug": "marie"
    },
    "model": "signup.Contact", "pk": 20
},
{
    "fields": {
      "date_joined": "2025-01-01T00:00:00+00:00",
      "email": "xia@localhost.localdomain",
      "first_name": "Xia",
      "last_name": "Lee",
      "is_active": true,
      "is_staff": false,
      "is_superuser": false,
      "last_login": "2025-01-01T00:00:00+00:00",
      "password": "pbkdf2_sha256$10000$z0MBiWn0Rlem$iZdC6uHomlE07qGK/TqfcfxNzKJtFp03c0JILF1frRc=",
      "username": "xia"
    },
    "model": "auth.User", "pk": 20
},
{
    "fields": {
      "last_signed": "2025-01-01T00:00:00+00:00",
      "agreement": 1,
      "user": 20
    },
    "model": "saas.Signature", "pk": 20
},
{
    "fields": {
      "created_at": "2025-01-01T00:00:00+00:00",
      "email": "xia@localhost.localdomain",
      "slug": "xia",
      "nick_name": "Xia",
      "phone": "+14155555556",
      "user": 20
    },
    "model": "signup.Contact", "pk": 21
},
{
    "fields": {
      "slug": "xia",
      "full_name": "Xia Lee",
      "created_at": "2025-01-01T00:00:00+00:00",
      "email": "xia@localhost.localdomain",
      "phone": "+14155555555",
      "street_address": "350 Bay St.",
      "locality":  "San Francisco",
      "region": "CA",
      "postal_code": "94133",
      "country": "US",
      "processor": 1,
      "is_active": 1
    },
    "model": "saas.Organization", "pk": 22
},
{
    "fields": {
      "created_at": "2025-01-01T00:00:00+00:00",
      "role_description": 1,
      "organization": 22, "user": 20}, "model": "saas.Role", "pk": 20
},
{
    "fields": {
      "date_joined": "2025-01-01T00:00:00+00:00",
      "email": "joe@localhost.localdomain",
      "first_name": "Joe",
      "last_name": "Smith",
      "is_active": true,
      "is_staff": false,
      "is_superuser": false,
      "last_login": "2025-01-01T00:00:00+00:00",
      "password": "pbkdf2_sha256$10000$z0MBiWn0Rlem$iZdC6uHomlE07qGK/TqfcfxNzKJtFp03c0JILF1frRc=",
      "username": "joe"
    },
    "model": "auth.User", "pk": 21
},
{
    "fields": {
      "last_signed": "2025-01-01T00:00:00+00:00",
      "agreement": 1,
      "user": 21
    },
    "model": "saas.signature", "pk": 21
},
{
    "fields": {
      "slug": "joe-bulk",
      "full_name": "Joe Bulk Buying",
      "created_at": "2025-01-01T00:00:00+00:00",
      "email": "joe+bulk@localhost.localdomain",
      "phone": "+14155555555",
      "street_address": "350 Bay St.",
      "locality":  "San Francisco",
      "region": "CA",
      "postal_code": "94133",
      "country": "US",
      "processor": 1,
      "is_active": 1,
      "is_bulk_buyer": 1
    },
    "model": "saas.Organization", "pk": 23
},
{
    "fields": {
      "created_at": "2025-01-01T00:00:00+00:00",
      "role_description": 1,
      "organization": 23, "user": 21}, "model": "saas.Role", "pk": 21
},
{
    "fields": {
      "slug": "billing-card2",
      "full_name": "Amelie Smith",
      "created_at": "2025-01-01T00:00:00+00:00",
      "email": "asmith@localhost.localdomain",
      "phone": "+14155555555",
      "street_address": "350 Bay St.",
      "locality":  "San Francisco",
      "region": "CA",
      "postal_code": "94133",
      "country": "US",
      "processor": 1,
      "is_active": 1
    },
    "model": "saas.Organization", "pk": 24
},
{
    "fields": {
      "date_joined": "2025-01-01T00:00:00+00:00",
      "email": "asmith@localhost.localdomain",
      "first_name": "Amelie",
      "groups": [],
      "is_active": true,
      "is_staff": false,
      "is_superuser": false,
      "last_login": "2025-01-01T00:00:00+00:00",
      "last_name": "Smith",
      "password": "pbkdf2_sha256$10000$z0MBiWn0Rlem$iZdC6uHomlE07qGK/TqfcfxNzKJtFp03c0JILF1frRc=",
      "username": "asmith"
    },
    "model": "auth.User", "pk": 22
},
{
    "fields": {
      "last_signed": "2025-01-01T00:00:00+00:00",
      "agreement": 1,
      "user": 22
    },
    "model": "saas.signature", "pk": 22
},
{
    "fields": {
      "slug": "asmith",
      "created_at": "2025-01-01T00:00:00+00:00",
      "user": 22
    },
    "model": "signup.Contact", "pk": 22
},
{
    "fields": {
      "created_at": "2025-01-01T00:00:00+00:00",
      "role_description": 1,
      "organization": 24, "user": 22}, "model": "saas.Role", "pk": 22
},
{
    "fields": {
      "created_at": "2025-01-01T00:00:00+00:00",
      "ends_at": "2025-12-31T23:59:59+00:00",
      "organization": 24,
      "plan": 1
    },
    "model": "saas.subscription", "pk": 21
},
{
    "fields": {
      "created_at": "2025-01-01T00:00:00+00:00",
      "ends_at": "2025-12-31T23:59:59+00:00",
      "organization": 24,
      "plan": 20
    },
    "model": "saas.subscription", "pk": 22
},
{
    "fields": {
      "created_at": "2025-01-01T00:00:00+00:00",
      "dest_amount": 13800,
      "dest_unit": "usd",
      "dest_account": "Payable",
      "dest_organization": 24,
      "orig_amount": 13800,
      "orig_unit": "usd",
      "orig_account": "Receivable",
      "orig_organization": 2,
      "event_id": "sub_22/"
    },
    "model": "saas.transaction", "pk": 22
},


{
    "fields": {
      "slug": "stephanie",
      "full_name": "Stephanie DuJardin",
      "created_at": "2025-01-01T00:00:00+00:00",
      "email": "stephanie@localhost.localdomain",
      "phone": "+14155555555",
      "street_address": "350 Bay St.",
      "locality":  "San Francisco",
      "region": "CA",
      "postal_code": "94133",
      "country": "US",
      "processor": 1,
      "is_active": 1
    },
    "model": "saas.Organization", "pk": 25
},
{
    "fields": {
      "date_joined": "2025-01-01T00:00:00+00:00",
      "email": "stephanie@localhost.localdomain",
      "first_name": "Stephanie",
      "groups": [],
      "is_active": true,
      "is_staff": false,
      "is_superuser": false,
      "last_login": "2025-01-01T00:00:00+00:00",
      "last_name": "DuJardin",
      "password": "pbkdf2_sha256$10000$z0MBiWn0Rlem$iZdC6uHomlE07qGK/TqfcfxNzKJtFp03c0JILF1frRc=",
      "username": "stephanie"
    },
    "model": "auth.User", "pk": 23
},
{
    "fields": {
      "last_signed": "2025-01-01T00:00:00+00:00",
      "agreement": 1,
      "user": 23
    },
    "model": "saas.signature", "pk": 23
},
{
    "fields": {
      "created_at": "2025-01-01T00:00:00+00:00",
      "role_description": 1,
      "organization": 25, "user": 23}, "model": "saas.Role", "pk": 24
},

{
    "fields": {
      "slug": "to-be-deleted-1",
      "full_name": "Subscriber ToBeDeleted",
      "created_at": "2025-01-01T00:00:00+00:00",
      "email": "to-be-deleted-1@localhost.localdomain",
      "phone": "+14155555555",
      "street_address": "350 Bay St.",
      "locality":  "San Francisco",
      "region": "CA",
      "postal_code": "94133",
      "country": "US",
      "processor": 1,
      "is_active": 1
    },
    "model": "saas.Organization", "pk": 26
},
{
    "fields": {
      "slug": "to-be-deleted-2",
      "full_name": "2nd Subscriber ToBeDeleted",
      "created_at": "2025-01-01T00:00:00+00:00",
      "email": "to-be-deleted-2@localhost.localdomain",
      "phone": "+14155555555",
      "street_address": "350 Bay St.",
      "locality":  "San Francisco",
      "region": "CA",
      "postal_code": "94133",
      "country": "US",
      "processor": 1,
      "is_active": 1
    },
    "model": "saas.Organization", "pk": 27
},
{
    "fields": {
      "username": "to-be-deleted-2",
      "date_joined": "2025-01-01T00:00:00+00:00",
      "email": "to-be-deleted-2@localhost.localdomain",
      "first_name": "Xia",
      "last_name": "Lee",
      "is_active": true,
      "is_staff": false,
      "is_superuser": false,
      "last_login": "2025-01-01T00:00:00+00:00",
      "password": "pbkdf2_sha256$10000$z0MBiWn0Rlem$iZdC6uHomlE07qGK/TqfcfxNzKJtFp03c0JILF1frRc="
    },
    "model": "auth.User", "pk": 27
},
{
    "fields": {
      "created_at": "2025-01-01T00:00:00+00:00",
      "role_description": 1,
      "organization": 27, "user": 27}, "model": "saas.Role", "pk": 26
},
{
    "fields": {
      "created_at": "2025-01-01T00:00:00+00:00",
      "ends_at": "2025-12-31T23:59:59+00:00",
      "organization": 27,
      "plan": 22
    },
    "model": "saas.Subscription", "pk": 24
},

{
    "fields": {
      "slug": "xia22",
      "full_name": "Xia22",
      "created_at": "2025-01-01T00:00:00+00:00",
      "email": "xia+22@localhost.localdomain",
      "phone": "555-555-5555",
      "locality":  "San Francisco",
      "region": "CA",
      "country": "US",
      "processor": 1,
      "is_active": 1
    },
    "model": "saas.Organization", "pk": 28
},
{
    "fields": {
      "date_joined": "2025-01-01T00:00:00-09:00",
      "last_login": "2025-01-01T00:00:00-09:00",
      "email": "xia+22@localhost.localdomain",
      "first_name": "Xia22",
      "is_active": true,
      "is_staff": false,
      "is_superuser": false,
      "last_name": "SubscriptionsAPI1",
      "password": "pbkdf2_sha256$10000$z0MBiWn0Rlem$iZdC6uHomlE07qGK/TqfcfxNzKJtFp03c0JILF1frRc=",
      "username": "xia22"
    },
    "model": "auth.User", "pk": 28
},
{
    "fields": {
      "created_at": "2025-01-01T00:00:00+00:00",
      "role_description": 1,
      "organization": 28,
      "user": 28
    },
    "model": "saas.Role", "pk": 28
},
{
    "fields": {
      "created_at": "2025-01-01T00:00:00+00:00",
      "ends_at": "2025-12-31T23:59:59+00:00",
      "organization": 28,
      "plan": 22
    },
    "model": "saas.subscription", "pk": 25
},

{
    "fields": {
      "date_joined": "2025-01-01T00:00:00+00:00",
      "email": "melissa@localhost.localdomain",
      "first_name": "Melissa",
      "last_name": "BillingCard15",
      "is_active": true,
      "is_staff": false,
      "is_superuser": false,
      "password": "pbkdf2_sha256$10000$z0MBiWn0Rlem$iZdC6uHomlE07qGK/TqfcfxNzKJtFp03c0JILF1frRc=",
      "username": "melissa"
    },
    "model": "auth.User", "pk": 29
},
{
    "fields": {
      "last_signed": "2025-01-01T00:00:00+00:00",
      "agreement": 1,
      "user": 29
    },
    "model": "saas.signature", "pk": 29
},
{
    "fields": {
      "date_joined": "2025-01-01T00:00:00-09:00",
      "email": "xia+10@localhost.localdomain",
      "first_name": "Xia10",
      "last_name": "BillingCard16",
      "is_active": true,
      "is_staff": false,
      "is_superuser": false,
      "last_login": "2025-01-01T00:00:00-09:00",
      "password": "pbkdf2_sha256$10000$z0MBiWn0Rlem$iZdC6uHomlE07qGK/TqfcfxNzKJtFp03c0JILF1frRc=",
      "username": "xia10"
    },
    "model": "auth.User", "pk": 30
},
{
    "fields": {
      "last_signed": "2025-01-01T00:00:00+00:00",
      "agreement": 1,
      "user": 30
    },
    "model": "saas.signature", "pk": 30
},

{
    "fields": {
      "slug": "xia21",
      "full_name": "Xia21",
      "created_at": "2025-01-01T00:00:00+00:00",
      "email": "xia+21@localhost.localdomain",
      "phone": "555-555-5555",
      "locality":  "San Francisco",
      "region": "CA",
      "country": "US",
      "processor": 1,
      "is_active": 1
    },
    "model": "saas.Organization", "pk": 31
},
{
    "fields": {
      "date_joined": "2025-01-01T00:00:00-09:00",
      "email": "xia+21@localhost.localdomain",
      "first_name": "Xia21",
      "last_name": "BillingAPI13SubscriptionsAPI1",
      "is_active": true,
      "is_staff": false,
      "is_superuser": false,
      "last_login": "2025-01-01T00:00:00-09:00",
      "password": "pbkdf2_sha256$10000$z0MBiWn0Rlem$iZdC6uHomlE07qGK/TqfcfxNzKJtFp03c0JILF1frRc=",
      "username": "xia21"
    },
    "model": "auth.User", "pk": 31
},
{
    "fields": {
      "last_signed": "2025-01-01T00:00:00+00:00",
      "agreement": 1,
      "user": 31
    },
    "model": "saas.signature", "pk": 31
},
{
    "fields": {
      "created_at": "2025-01-01T00:00:00+00:00",
      "role_description": 1,
      "organization": 31,
      "user": 31
    },
    "model": "saas.Role", "pk": 31
}]
