[
{
    "fields": {
      "slug": "stripe",
      "full_name": "Stripe",
      "created_at": "2012-08-14T14:16:55-09:00",
      "email": "support@djaoapp.com",
      "phone": "555-555-5555",
      "street_address": "185 Berry St #550",
      "locality":  "San Francisco",
      "region": "CA",
      "postal_code": "94107",
      "country": "US",
      "processor": 1,
      "is_provider": 1,
      "is_active": 1
    },
    "model": "saas.Organization", "pk": 1
},
{
    "fields": {
      "slug": "terms-of-use",
      "title": "Terms Of Use",
      "modified": "2012-08-14T00:00:00-09:00"
    },
    "model": "saas.agreement", "pk": 1
},
{
    "fields": {
      "slug": "djaoapp",
      "full_name": "DjaoDjin",
      "created_at": "2012-08-14T14:16:55-09:00",
      "email": "support@djaoapp.com",
      "phone": "555-555-5555",
      "street_address": "350 Bay St.",
      "locality":  "San Francisco",
      "region": "CA",
      "postal_code": "94133",
      "country": "US",
      "processor": 1,
      "is_provider": 1,
      "is_active": 1
    },
    "model": "saas.Organization", "pk": 2
},
{
    "fields": {
      "slug": "djaodjin",
      "full_name": "DjaoDjin",
      "created_at": "2012-08-14T14:16:55-09:00",
      "email": "support@djaoapp.com",
      "phone": "555-555-5555",
      "street_address": "350 Bay St.",
      "locality":  "San Francisco",
      "region": "CA",
      "postal_code": "94133",
      "country": "US",
      "processor": 1,
      "is_provider": 1,
      "is_active": 1
    },
    "model": "saas.Organization", "pk": 3
},
{
    "fields": {
      "slug": "security",
      "title": "Security Policy",
      "modified": "2012-08-14T00:00:00-09:00"
    },
    "model": "saas.agreement", "pk": 2
},
{
    "fields": {
      "created_at": "2012-09-14T14:16:55-09:00",
      "slug": "manager",
      "title": "Managers"
    },
    "model": "saas.RoleDescription", "pk": 1
},
{
    "fields": {
      "created_at": "2012-09-14T14:16:55-09:00",
      "organization": 2,
      "slug": "contributor",
      "title": "Contributors"
    },
    "model": "saas.RoleDescription", "pk": 2
},
{
    "fields": {
        "slug":"managed",
        "title":"Managed",
        "created_at":"2014-01-01T10:57:00-09:00",
        "is_not_priced": 1,
        "interval": 4,
        "description": "Ideal for growing organizations with custom SLA requirements.\n\n* [Professional Services](/services/)\n",
        "organization": 2,
        "is_active" : 1
    },
    "model" : "saas.Plan", "pk": 1
},
{
    "fields":{
        "slug":"basic",
        "title":"Basic",
        "created_at":"2013-08-30T14:16:55-09:00",
        "setup_amount": 0,
        "period_amount": 24900,
        "transaction_fee": 290,
        "interval": 4,
        "advance_discount": 1000,
        "description":"Ideal to focus on Dev and fully leverage DjaoDjin Ops infrastructure.\n\n* Streetside Subscription Firewall\n* Docker Hosting\n* Micro-service load balancer\n",
        "organization": 2,
        "is_active": 1
    },
    "model" : "saas.Plan", "pk": 2
},
{
    "fields":{
        "slug":"premium",
        "title":"Premium",
        "created_at":"2013-11-01T00:00:00-09:00",
        "setup_amount": 0,
        "period_amount": 18900,
        "transaction_fee": 290,
        "interval": 4,
        "advance_discount": 81,
        "description":"Ideal to transform your website into a fully featured Software-as-a-Service.\n\n* Setup in minutes\n* Custom Themes\n* Secure Custom Domain\n",
        "organization": 2,
        "is_active" : 1
    },
    "model" : "saas.Plan", "pk": 3
},
{
    "fields":{
        "code": "DIS100",
        "created_at":"2014-01-01T00:00:00-09:00",
        "percent": 100,
        "organization": 2
    },
    "model" : "saas.Coupon", "pk": 1
},
{
    "fields":{
        "code": "HALLOWEEN",
        "created_at":"2014-01-01T00:00:00-09:00",
        "percent": 50,
        "organization": 2
    },
    "model" : "saas.Coupon", "pk": 2
},
{
    "fields": {
      "domain": "localhost:8020",
      "name": "dev"
    },
    "model": "sites.site", "pk": 1
},
{
    "fields": {
      "date_joined": "2014-01-01T00:00:00-00:00",
      "email": "support@djaoapp.com",
      "first_name": "Donny",
      "last_name": "Cooper",
      "is_active": true,
      "is_staff": false,
      "is_superuser": false,
      "last_login": "2014-01-01T00:00:00-00:00",
      "password": "pbkdf2_sha256$10000$z0MBiWn0Rlem$iZdC6uHomlE07qGK/TqfcfxNzKJtFp03c0JILF1frRc=", 
      "username": "donny"
    },
    "model": "auth.User", "pk": 1
},
{
    "fields": {
      "last_signed": "2014-01-01T00:00:00-00:00",
      "agreement": 1,
      "user": 1
    },
    "model": "saas.signature", "pk": 1
},
{
    "fields": {
      "date_joined": "2014-01-01T00:00:00-00:00",
      "email": "support@djaoapp.com",
      "first_name": "Alice",
      "last_name": "Cooper",
      "is_active": true,
      "is_staff": false,
      "is_superuser": false,
      "last_login": "2014-01-01T00:00:00-00:00",
      "password": "pbkdf2_sha256$10000$z0MBiWn0Rlem$iZdC6uHomlE07qGK/TqfcfxNzKJtFp03c0JILF1frRc=", 
      "username": "alice"
    },
    "model": "auth.User", "pk": 2
},
{
    "fields": {
      "last_signed": "2014-01-01T00:00:00-00:00",
      "agreement": 1,
      "user": 2
    },
    "model": "saas.signature", "pk": 2
},
{
    "fields": {
      "date_joined": "2015-01-14T14:16:55-09:00",
      "email": "support@djaoapp.com",
      "first_name": "Yan",
      "last_name": "Lee",
      "groups": [],
      "is_active": true,
      "is_staff": false,
      "is_superuser": false,
      "last_login": "2015-01-14T14:57:48-09:00",
      "password": "pbkdf2_sha256$10000$z0MBiWn0Rlem$iZdC6uHomlE07qGK/TqfcfxNzKJtFp03c0JILF1frRc=", 
      "username": "yan"
    },
    "model": "auth.User", "pk": 3
},
{
    "fields": {
      "last_signed": "2014-01-01T00:00:00-00:00",
      "agreement": 1,
      "user": 3
    },
    "model": "saas.signature", "pk": 3
},
{
    "fields": {
      "created_at": "2012-09-14T14:16:55-09:00",
      "role_description": 1,
      "organization": 2,
      "user": 1
    },
    "model": "saas.Role", "pk": 1
},
{
    "fields": {
      "date_joined": "2017-01-01T00:00:00-00:00",
      "email": "support@djaoapp.com",
      "first_name": "Kenneth",
      "last_name": "Contributor",
      "is_active": true,
      "is_staff": false,
      "is_superuser": false,
      "last_login": "2017-01-01T00:00:00-00:00",
      "password": "pbkdf2_sha256$10000$z0MBiWn0Rlem$iZdC6uHomlE07qGK/TqfcfxNzKJtFp03c0JILF1frRc=",
      "username": "kenneth"
    },
    "model": "auth.User", "pk": 4
},
{
    "fields": {
      "last_signed": "2014-01-01T00:00:00-00:00",
      "agreement": 1,
      "user": 4
    },
    "model": "saas.signature", "pk": 4
},
{
    "fields": {
      "created_at": "2012-09-14T14:16:55-09:00",
      "role_description": 2,
      "organization": 2,
      "user": 4
    },
    "model": "saas.Role", "pk": 4
},
{
    "fields": {
      "slug": "cowork",
      "email": "support@djaoapp.com",
      "full_name": "Chamoix Coworking",
      "created_at": "2012-09-14T14:16:55-09:00",
      "processor": 1,
      "is_provider": 0,
      "is_active": 1
    },
    "model": "saas.Organization", "pk": 4
},
{
    "fields": {
      "slug": "xia-card7",
      "full_name": "Xia Card7",
      "created_at": "2016-08-22T00:00:00+00:00",
      "email": "support@djaoapp.com",
      "street_address": "350 Bay St.",
      "locality":  "San Francisco",
      "region": "CA",
      "postal_code": "94133",
      "country": "US",
      "is_active": 1
    },
    "model": "saas.Organization", "pk": 5
},
{
    "fields": {
      "created_at": "2012-09-14T14:16:55-09:00",
      "role_description": 1,
      "organization": 4,
      "user": 1
    },
    "model": "saas.Role", "pk": 3
},
{
    "fields": {
      "created_at": "2012-09-14T14:16:55-09:00",
      "role_description": 1,
      "organization": 4,
      "user": 2
    },
    "model": "saas.Role", "pk": 2
},
{
    "fields": {
      "created_at": "2014-01-14T14:16:55-09:00",
      "ends_at": "2018-12-31T00:00:00-09:00",
      "organization": 4,
      "plan": 3
    },
    "model": "saas.subscription", "pk": 3
},
{
    "fields":{
      "slug": "djaoapp",
      "domain": null,
      "account": 2
    },
    "model": "multitier.site", "pk": 1
},
{
    "fields":{
      "slug": "cowork",
      "db_name": "cowork",
      "account": 4,
      "domain": null,
      "tag": "streetside"
    },
    "model": "multitier.site", "pk": 5
},
{
    "fields": {
      "slug": "djaoapp",
      "account": 2,
      "registration": 3
    },
    "model": "rules.App", "pk": 1
},
{
    "fields": {
        "app": 1,
        "rank": 1,
        "path": "/app/",
        "rule_op": 1,
        "is_forward": false,
        "engaged": "app"
    },
    "model": "rules.Rule", "pk": 1
},
{
    "fields": {
        "app": 1,
        "rank": 2,
        "path": "/",
        "rule_op": 0,
        "is_forward": false
    },
    "model": "rules.Rule", "pk": 2
},
{
    "fields": {
      "date_joined": "2014-01-01T00:00:00-00:00",
      "email": "support@djaoapp.com",
      "first_name": "Xia",
      "last_name": "Lee",
      "is_active": true,
      "is_staff": false,
      "is_superuser": false,
      "last_login": "2014-01-01T00:00:00-00:00",
      "password": "pbkdf2_sha256$10000$z0MBiWn0Rlem$iZdC6uHomlE07qGK/TqfcfxNzKJtFp03c0JILF1frRc=", 
      "username": "xia"
    },
    "model": "auth.User", "pk": 5
},
{
    "fields": {
      "last_signed": "2014-01-01T00:00:00-00:00",
      "agreement": 1,
      "user": 5
    },
    "model": "saas.signature", "pk": 5
},
{
    "fields": {
      "slug": "xia",
      "full_name": "Xia Lee",
      "created_at": "2012-09-14T14:16:55-09:00",
      "email": "support@djaoapp.com",
      "phone": "555-555-5555",
      "street_address": "350 Bay St.",
      "locality":  "San Francisco",
      "region": "CA",
      "postal_code": "94133",
      "country": "US",
      "processor": 1,
      "is_active": 1
    },
    "model": "saas.Organization", "pk": 6
},
{
    "fields": {
      "created_at": "2012-09-14T14:16:55-09:00",
      "role_description": 1,
      "organization": 6,
      "user": 5
    },
    "model": "saas.Role", "pk": 5
},
{
    "fields": {
      "date_joined": "2014-01-01T00:00:00-00:00",
      "email": "support@djaoapp.com",
      "first_name": "Joe",
      "last_name": "Smith",
      "is_active": true,
      "is_staff": false,
      "is_superuser": false,
      "last_login": "2014-01-01T00:00:00-00:00",
      "password": "pbkdf2_sha256$10000$z0MBiWn0Rlem$iZdC6uHomlE07qGK/TqfcfxNzKJtFp03c0JILF1frRc=", 
      "username": "joe"
    },
    "model": "auth.User", "pk": 6
},
{
    "fields": {
      "last_signed": "2014-01-01T00:00:00-00:00",
      "agreement": 1,
      "user": 6
    },
    "model": "saas.signature", "pk": 6
},
{
    "fields": {
      "slug": "joe-bulk",
      "full_name": "Joe Bulk Buying",
      "created_at": "2012-09-14T14:16:55-09:00",
      "email": "support@djaoapp.com",
      "phone": "555-555-5555",
      "street_address": "350 Bay St.",
      "locality":  "San Francisco",
      "region": "CA",
      "postal_code": "94133",
      "country": "US",
      "processor": 1,
      "is_active": 1,
      "is_bulk_buyer": 1
    },
    "model": "saas.Organization", "pk": 7
},
{
    "fields": {
      "created_at": "2012-09-14T14:16:55-09:00",
      "role_description": 1,
      "organization": 7,
      "user": 6
    },
    "model": "saas.Role", "pk": 6
},
{
    "fields": {
      "date_joined": "2012-09-14T14:16:55-09:00",
      "email": "support@djaoapp.com",
      "first_name": "Amelie",
      "groups": [],
      "is_active": true,
      "is_staff": false,
      "is_superuser": false,
      "last_login": "2012-09-14T14:57:48-09:00",
      "last_name": "Smith",
      "password": "pbkdf2_sha256$10000$z0MBiWn0Rlem$iZdC6uHomlE07qGK/TqfcfxNzKJtFp03c0JILF1frRc=", 
      "username": "asmith"
    },
    "model": "auth.User", "pk": 7
},
{
    "fields": {
      "last_signed": "2014-01-01T00:00:00-00:00",
      "agreement": 1,
      "user": 7
    },
    "model": "saas.signature", "pk": 7
},
{
    "fields": {
      "slug": "asmith",
      "full_name": "Amelie Smith",
      "created_at": "2012-09-14T14:16:55-09:00",
      "email": "support@djaoapp.com",
      "phone": "555-555-5555",
      "street_address": "350 Bay St.",
      "locality":  "San Francisco",
      "region": "CA",
      "postal_code": "94133",
      "country": "US",
      "processor": 1,
      "is_active": 1
    },
    "model": "saas.Organization", "pk": 8
},
{
    "fields": {
      "created_at": "2012-09-14T14:16:55-09:00",
      "role_description": 1,
      "organization": 8,
      "user": 7
    },
    "model": "saas.Role", "pk": 7
},
{
    "fields": {
      "created_at": "2013-09-14T14:16:55-09:00",
      "ends_at": "2018-12-31T00:00:00-09:00",
      "organization": 8,
      "plan": 2
    },
    "model": "saas.subscription", "pk": 7
},
{
    "fields": {
      "slug": "stephanie",
      "full_name": "Stephanie DuJardin",
      "created_at": "2015-01-01T00:00:00-09:00",
      "email": "support@djaoapp.com",
      "phone": "555-555-5555",
      "street_address": "350 Bay St.",
      "locality":  "San Francisco",
      "region": "CA",
      "postal_code": "94133",
      "country": "US",
      "processor": 1,
      "is_active": 1
    },
    "model": "saas.Organization", "pk": 9
},
{
    "fields": {
      "date_joined": "2015-01-01T00:00:00-09:00",
      "email": "support@djaoapp.com",
      "first_name": "Stephanie",
      "groups": [],
      "is_active": true,
      "is_staff": false,
      "is_superuser": false,
      "last_login": "2015-02-01T00:00:00-09:00",
      "last_name": "DuJardin",
      "password": "pbkdf2_sha256$10000$z0MBiWn0Rlem$iZdC6uHomlE07qGK/TqfcfxNzKJtFp03c0JILF1frRc=", 
      "username": "stephanie"
    },
    "model": "auth.User", "pk": 8
},
{
    "fields": {
      "last_signed": "2014-01-01T00:00:00-00:00",
      "agreement": 1,
      "user": 8
    },
    "model": "saas.signature", "pk": 8
},
{
    "fields": {
      "created_at": "2012-09-14T14:16:55-09:00",
      "role_description": 1,
      "organization": 9,
      "user": 8
    },
    "model": "saas.Role", "pk": 8
},
{
    "fields": {
      "created_at": "2015-01-01T00:00:00-09:00",
      "ends_at": "2018-12-31T00:00:00-09:00",
      "organization": 9,
      "plan": 2
    },
    "model": "saas.subscription", "pk": 8
},
{
    "fields": {
      "slug": "to-be-deleted-1",
      "full_name": "Subscriber ToBeDeleted",
      "created_at": "2012-09-14T14:16:55-09:00",
      "email": "support@djaoapp.com",
      "phone": "555-555-5555",
      "street_address": "350 Bay St.",
      "locality":  "San Francisco",
      "region": "CA",
      "postal_code": "94133",
      "country": "US",
      "processor": 1,
      "is_active": 1
    },
    "model": "saas.Organization", "pk": 10
},
{
    "fields": {
      "slug": "to-be-deleted-2",
      "full_name": "2nd Subscriber ToBeDeleted",
      "created_at": "2012-09-14T14:16:55-09:00",
      "email": "support@djaoapp.com",
      "phone": "555-555-5555",
      "street_address": "350 Bay St.",
      "locality":  "San Francisco",
      "region": "CA",
      "postal_code": "94133",
      "country": "US",
      "processor": 1,
      "is_active": 1
    },
    "model": "saas.Organization", "pk": 11
},
{
    "fields": {
      "username": "to-be-deleted-2",
      "date_joined": "2014-01-01T00:00:00-00:00",
      "email": "support@djaoapp.com",
      "first_name": "Xia",
      "last_name": "Lee",
      "is_active": true,
      "is_staff": false,
      "is_superuser": false,
      "last_login": "2014-01-01T00:00:00-00:00",
      "password": "pbkdf2_sha256$10000$z0MBiWn0Rlem$iZdC6uHomlE07qGK/TqfcfxNzKJtFp03c0JILF1frRc="
    },
    "model": "auth.User", "pk": 10
},
{
    "fields": {
      "created_at": "2012-09-14T14:16:55-09:00",
      "role_description": 1,
      "organization": 11,
      "user": 10
    },
    "model": "saas.Role", "pk": 10
},
{
    "fields": {
      "created_at": "2014-01-14T14:16:55-09:00",
      "ends_at": "2018-12-31T00:00:00-09:00",
      "organization": 11,
      "plan": 3
    },
    "model": "saas.subscription", "pk": 10
},
{
    "fields": {
      "slug": "subscriber-5",
      "full_name": "Subscriber Five",
      "created_at": "2012-09-14T14:16:55-09:00",
      "email": "support@djaoapp.com",
      "phone": "555-555-5555",
      "street_address": "350 Bay St.",
      "locality":  "San Francisco",
      "region": "CA",
      "postal_code": "94133",
      "country": "US",
      "processor": 1,
      "is_active": 1
    },
    "model": "saas.Organization", "pk": 12
},
{
    "fields": {
      "created_at": "2014-01-14T14:16:55-09:00",
      "ends_at": "2018-12-31T00:00:00-09:00",
      "organization": 12,
      "plan": 3
    },
    "model": "saas.subscription", "pk": 11
},
{
    "fields": {
      "date_joined": "2016-03-18T00:00:00-09:00",
      "email": "support@djaoapp.com",
      "first_name": "Stephanie",
      "is_active": true,
      "is_staff": false,
      "is_superuser": false,
      "last_name": "NeedActive",
      "password": "!",
      "username": "needactive"
    },
    "model": "auth.User", "pk": 9
},
{
    "fields": {
      "created_at": "2016-03-18T00:00:00-09:00",
      "user": 9,
      "verification_key": "16793aa72a4c7ae94b50b20c2eca52df5b0fe2c6"
    },
    "model": "signup.Contact", "pk": 1
},
{
    "fields": {
      "slug": "dibaggio-parents",
      "email": "support@djaoapp.com",
      "full_name": "Di Baggio Middle School Parents Association",
      "created_at": "2012-09-14T14:16:55-09:00",
      "processor": 1,
      "is_provider": 1,
      "is_active": 1
    },
    "model": "saas.Organization", "pk": 13
},
{
    "fields":{
        "slug":"standard",
        "title":"Di Baggio Middle School Parents Association",
        "created_at":"2013-11-01T00:00:00-09:00",
        "setup_amount":0,
        "period_amount":18900,
        "transaction_fee": 0,
        "interval": 5,
        "advance_discount": 0,
        "description":"",
        "organization" : 12,
        "is_active" : 1
    },
    "model" : "saas.Plan", "pk": 12
},
{
    "fields": {
      "slug": "tennis-club",
      "email": "support@djaoapp.com",
      "full_name": "Tennis Club of North Beach",
      "created_at": "2012-09-14T14:16:55-09:00",
      "processor": 1,
      "is_provider": 1,
      "is_active": 1
    },
    "model": "saas.Organization", "pk": 14
},
{
    "fields": {
      "slug": "club",
      "email": "support@djaoapp.com",
      "full_name": "Association of Online Educators",
      "created_at": "2012-09-14T14:16:55-09:00",
      "processor": 1,
      "is_provider": 1,
      "is_active": 1
    },
    "model": "saas.Organization", "pk": 15
},
{
    "fields": {
      "created_at": "2012-09-14T14:16:55-09:00",
      "role_description": 1,
      "organization": 14,
      "user": 2
    },
    "model": "saas.Role", "pk": 11
},
{
    "fields":{
        "slug": "tennis-club",
        "title":"Tennis Club of North Beach",
        "created_at":"2013-11-01T00:00:00-09:00",
        "setup_amount":0,
        "period_amount":18900,
        "transaction_fee": 0,
        "interval": 5,
        "advance_discount": 0,
        "description":"",
        "organization" : 14,
        "is_active" : 1
    },
    "model" : "saas.Plan", "pk": 13
},
{
    "fields": {
      "created_at": "2014-01-14T14:16:55-09:00",
      "ends_at": "2018-12-31T00:00:00-09:00",
      "organization": 6,
      "plan": 12
    },
    "model": "saas.subscription", "pk": 12
},
{
    "fields": {
      "created_at": "2014-01-14T14:16:55-09:00",
      "ends_at": "2018-12-31T00:00:00-09:00",
      "organization": 6,
      "plan": 13
    },
    "model": "saas.subscription", "pk": 13
},
{
    "fields": {
      "created_at": "2012-09-14T14:16:55-09:00",
      "role_description": 1,
      "organization": 2,
      "user": 2
    },
    "model": "saas.Role", "pk": 9
},
{
    "fields":{
        "created_at":"2014-01-01T00:00:00-09:00",
        "user": 5,
        "plan": 1,
        "coupon": 2,
        "recorded": 1
    },
    "model" : "saas.CartItem", "pk": 1
},
{
    "fields": {
      "created_at": "2015-01-14T14:16:55-09:00",
      "ends_at": "2018-12-31T00:00:00-09:00",
      "organization": 6,
      "plan": 1
    },
    "model": "saas.subscription", "pk": 1
},
{
    "fields": {
      "created_at": "2016-08-22T00:00:00+00:00",
      "ends_at": "2018-12-31T00:00:00-09:00",
      "organization": 5,
      "plan": 1
    },
    "model": "saas.subscription", "pk": 2
},
{
    "fields": {
      "created_at": "2016-08-22T00:00:00+00:00",
      "dest_amount": 13800,
      "dest_unit": "usd",
      "dest_account": "Payable",
      "dest_organization": 5,
      "orig_amount": 13800,
      "orig_unit": "usd",
      "orig_account": "Receivable",
      "orig_organization": 2,
      "event_id": 2
    },
    "model": "saas.transaction", "pk": 1
},
{
    "fields": {
      "created_at": "2016-08-22T00:00:01+00:00",
      "dest_amount": 6900,
      "dest_unit": "usd",
      "dest_account": "Liability",
      "dest_organization": 5,
      "orig_amount": 6900,
      "orig_unit": "usd",
      "orig_account": "Payable",
      "orig_organization": 4,
      "event_id": 2
    },
    "model": "saas.transaction", "pk": 2
},
{
    "fields": {
      "date_joined": "2016-03-18T00:00:00-09:00",
      "email": "support@djaoapp.com",
      "first_name": "Melissa",
      "last_name": "NoOrg",
      "is_active": true,
      "is_staff": false,
      "is_superuser": false,
      "password": "pbkdf2_sha256$10000$z0MBiWn0Rlem$iZdC6uHomlE07qGK/TqfcfxNzKJtFp03c0JILF1frRc=",
      "username": "melissa"
    },
    "model": "auth.User", "pk": 11
},
{
    "fields": {
      "last_signed": "2014-01-01T00:00:00-00:00",
      "agreement": 1,
      "user": 11
    },
    "model": "saas.signature", "pk": 11
}]
