[{ "fields": {
    "slug": "alliance",
    "full_name": "Alliance",
    "country": "US",
    "created_at": "2025-01-01T00:00:00+00:00",
    "email": "alliance@localhost.localdomain",
    "is_active": 1,
    "is_provider": 1,
    "locality": "San Francisco",
    "phone": "+1 555 555 5555",
    "postal_code": 94133,
    "region": "CA",
    "street_address": "",
    "processor": 1
  },
  "model": "saas.organization", "pk": 3
},
{ "fields": {
    "slug": "energy-utility",
    "full_name": "Energy utility (Demo)",
    "country": "US",
    "created_at": "2025-01-01T00:00:00+00:00",
    "email": "energy-utility@localhost.localdomain",
    "is_active": 1,
    "locality": "San Francisco",
    "phone": "+1 555 555 5555",
    "postal_code": 94133,
    "region": "CA",
    "street_address": "",
    "processor": 1
  },
  "model": "saas.organization", "pk": 4
},
{ "fields": {
    "slug": "janice-shop",
    "full_name": "Janice's Shop",
    "country": "US",
    "created_at": "2025-01-01T00:00:00+00:00",
    "email": "janice-shop@localhost.localdomain",
    "is_active": 1,
    "locality": "San Francisco",
    "phone": "+1 555 555 5555",
    "postal_code": 94133,
    "region": "CA",
    "street_address": "",
    "processor": 1
  },
  "model": "saas.organization", "pk": 5
},
{ "fields": {
    "slug": "supplier-1",
    "full_name": "S1 - Tamerin (Demo)",
    "country": "US",
    "created_at": "2025-01-01T00:00:00+00:00",
    "email": "supplier-1@localhost.localdomain",
    "is_active": 1,
    "locality": "San Francisco",
    "phone": "+1 555 555 5555",
    "postal_code": 94133,
    "region": "CA",
    "street_address": "",
    "processor": 1
  },
  "model": "saas.organization", "pk": 6
},
{ "fields": {
    "slug": "water-utility",
    "full_name": "Water utility (Demo)",
    "country": "US",
    "created_at": "2025-01-01T00:00:00+00:00",
    "email": "water-utility@localhost.localdomain",
    "is_active": 1,
    "locality": "San Francisco",
    "phone": "+1 555 555 5555",
    "postal_code": 94133,
    "region": "CA",
    "street_address": "",
    "processor": 1,
    "extra": "{\"testing\":1}"
  },
  "model": "saas.organization", "pk": 7
},
{ "fields": {
    "slug": "andy-shop",
    "full_name": "Andy's Shop",
    "country": "US",
    "created_at": "2025-01-01T00:00:00+00:00",
    "email": "tspproject@localhost.localdomain",
    "is_active": 1,
    "locality": "San Francisco",
    "phone": "+1 555 555 5555",
    "postal_code": 94133,
    "region": "CA",
    "street_address": "",
    "processor": 1,
    "extra": "{\"industry\":\"boxes-and-enclosures\"}"
  },
  "model": "saas.organization", "pk": 8
},
{
  "fields": {
    "date_joined": "2025-01-01T00:00:00+00:00",
    "email": "donny@localhost.localdomain",
    "first_name": "Donny",
    "is_active": true,
    "is_staff": false,
    "is_superuser": true,
    "password": "pbkdf2_sha256$600000$RbRWfhoqwcQxMMlPXtC999$sqc/L+VuCXbya5v9VCNbalsGMJEVjv39X+0aVcBZ3sI=",
    "username": "donny"
  },
  "model": "auth.User", "pk": 2
},
{
    "fields": {
      "slug": "donny",
      "created_at": "2025-01-01T00:00:00+00:00",
      "user": 2,
      "picture": "/assets/img/profiles/donny.jpg"
    },
    "model": "signup.Contact", "pk": 2
},
{ "fields": {
    "last_signed": "2025-01-01T00:00:00+00:00",
    "agreement": 1,
    "user": 2
  },
  "model": "saas.signature", "pk": 1
},
{ "fields": {
    "created_at": "2025-01-01T00:00:00+00:00",
    "role_description": 1,
    "organization": 2, "user": 2}, "model": "saas.Role", "pk": 1
},
{ "fields": {
    "title": "downloads",
    "api_pub_key": "se6mspt5Nu5jV7KS8RKgS4sW29KJmJd3",
    "api_password": "pbkdf2_sha256$260000$7GRQLVHXI6G3KxkNRc4oS5$OI6cZAwk/HsOqCBTh6uRS7LyAyE9vmYc8k5mwUafRyI=",
    "ends_at": null,
    "user": 2
  },
  "model": "signup.credentials", "pk": 1
},


{ "fields": {
    "date_joined": "2025-01-01T00:00:00+00:00",
    "email": "alice@localhost.localdomain",
    "first_name": "Alice",
    "is_active": true,
    "password": "pbkdf2_sha256$10000$z0MBiWn0Rlem$iZdC6uHomlE07qGK/TqfcfxNzKJtFp03c0JILF1frRc=",
    "username": "alice"
  },
  "model": "auth.User", "pk": 1
},
{
    "fields": {
      "slug": "alice",
      "created_at": "2025-01-01T00:00:00+00:00",
      "user": 1,
      "picture": "/assets/img/profiles/alice.jpg"
    },
    "model": "signup.Contact", "pk": 1
},
{ "fields": {
    "last_signed": "2025-01-01T00:00:00+00:00",
    "agreement": 1,
    "user": 1
  },
  "model": "saas.signature", "pk": 10
},
{ "fields": {
    "created_at": "2025-01-01T00:00:00+00:00",
    "role_description": 1,
    "organization": 4, "user": 1}, "model": "saas.Role", "pk": 10
},

{ "fields": {
    "date_joined": "2025-01-01T00:00:00+00:00",
    "email": "steve@localhost.localdomain",
    "first_name": "Steve",
    "is_active": true,
    "password": "pbkdf2_sha256$10000$z0MBiWn0Rlem$iZdC6uHomlE07qGK/TqfcfxNzKJtFp03c0JILF1frRc=",
    "username": "steve"
  },
  "model": "auth.User", "pk": 7
},
{
    "fields": {
      "slug": "steve",
      "created_at": "2025-01-01T00:00:00+00:00",
      "user": 7,
      "picture": "/assets/img/profiles/steve.jpg"
    },
    "model": "signup.Contact", "pk": 7
},
{ "fields": {
    "date_joined": "2025-01-01T00:00:00+00:00",
    "email": "andy@localhost.localdomain",
    "first_name": "Andy",
    "is_active": true,
    "password": "pbkdf2_sha256$10000$z0MBiWn0Rlem$iZdC6uHomlE07qGK/TqfcfxNzKJtFp03c0JILF1frRc=",
    "username": "andy"
  },
  "model": "auth.User", "pk": 8
},
{ "fields": {
    "date_joined": "2025-01-01T00:00:00+00:00",
    "email": "billy@localhost.localdomain",
    "first_name": "Billy",
    "last_name": "SteveShop Contributor",
    "is_active": true,
    "password": "pbkdf2_sha256$10000$z0MBiWn0Rlem$iZdC6uHomlE07qGK/TqfcfxNzKJtFp03c0JILF1frRc=",
    "username": "billy"
  },
  "model": "auth.User", "pk": 11
},
{ "fields": {
    "date_joined": "2025-01-01T00:00:00+00:00",
    "email": "erin@localhost.localdomain",
    "first_name": "Erin",
    "last_name": "SupplierOne Viewer",
    "is_active": true,
    "password": "pbkdf2_sha256$10000$z0MBiWn0Rlem$iZdC6uHomlE07qGK/TqfcfxNzKJtFp03c0JILF1frRc=",
    "username": "erin"
  },
  "model": "auth.User", "pk": 6
},
{ "fields": {
    "date_joined": "2025-01-01T00:00:00+00:00",
    "email": "janice@localhost.localdomain",
    "first_name": "Janice",
    "last_name": "manager janice-shop",
    "is_active": true,
    "password": "pbkdf2_sha256$10000$z0MBiWn0Rlem$iZdC6uHomlE07qGK/TqfcfxNzKJtFp03c0JILF1frRc=",
    "username": "janice"
  },
  "model": "auth.User", "pk": 9
},
{ "fields": {
    "date_joined": "2025-01-01T00:00:00+00:00",
    "email": "kathryn@localhost.localdomain",
    "first_name": "Kathryn",
    "last_name": "profile manager alliance",
    "is_active": true,
    "password": "pbkdf2_sha256$10000$z0MBiWn0Rlem$iZdC6uHomlE07qGK/TqfcfxNzKJtFp03c0JILF1frRc=",
    "username": "kathryn"
  },
  "model": "auth.User", "pk": 12
},
{
    "fields": {
      "slug": "kathryn",
      "created_at": "2025-01-01T00:00:00+00:00",
      "user": 12,
      "picture": "/assets/img/profiles/kathryn.jpg"
    },
    "model": "signup.Contact", "pk": 12
},
{ "fields": {
    "title": "Managed Hosting",
    "created_at":"2025-01-01T00:00:00+00:00",
    "is_not_priced": 1,
    "period_type": 4,
    "description": "Managed hosting",
    "skip_optin_on_grant": false,
    "is_active" : false,
    "organization": 2, "slug":"managed" }, "model" : "saas.Plan", "pk": 1
},
{ "fields": {
    "title":"Verification Partners",
    "created_at":"2025-01-01T00:00:00+00:00",
    "is_not_priced": 1,
    "period_type": 4,
    "description": "Organizations accredited to verify responses",
    "skip_optin_on_grant": false,
    "is_active" : false,
    "organization": 2, "slug":"verification-partners" }, "model" : "saas.Plan", "pk": 2
},
{ "fields": {
    "title":"Alliance member",
    "created_at":"2025-01-01T00:00:00+00:00",
    "is_not_priced": 1,
    "period_type": 4,
    "description": "Alliance membership",
    "skip_optin_on_grant": false,
    "is_active" : false,
    "organization": 3, "slug":"tier1-members" }, "model" : "saas.Plan", "pk": 3
},
{ "fields": {
    "created_at": "2025-01-01T00:00:00+00:00",
    "ends_at": "2025-12-31T00:00:00+00:00",
    "organization": 3,
    "plan": 1
  },
  "model": "saas.subscription", "pk": 1
},

{ "fields": {
    "created_at": "2025-01-01T00:00:00+00:00",
    "ends_at": "2025-12-31T00:00:00+00:00",
    "organization": 19,
    "plan": 2
  },
  "model": "saas.subscription", "pk": 2
},
{ "fields": {
    "created_at": "2025-01-01T00:00:00+00:00",
    "ends_at": "2025-12-31T00:00:00+00:00",
    "organization": 4,
    "plan": 3
  },
  "model": "saas.subscription", "pk": 3
},

{ "fields": {
    "slug": "terms-of-use",
    "title": "Terms Of Use",
    "updated_at": "2025-01-01T00:00:00+00:00"
  },
  "model": "saas.agreement", "pk": 1
},
{ "fields": {
    "created_at": "2025-01-01T00:00:00+00:00",
    "title": "Profile Manager",
    "slug": "manager" }, "model": "saas.RoleDescription", "pk": 1
},
{ "fields": {
    "created_at": "2025-01-01T00:00:00+00:00",
    "title": "Contributor",
    "implicit_create_on_none": 1,
    "skip_optin_on_grant": 1,
    "slug": "contributor" }, "model": "saas.RoleDescription", "pk": 2
},
{ "fields": {
    "created_at": "2025-01-01T00:00:00+00:00",
    "title": "Viewer",
    "slug": "viewer" }, "model": "saas.RoleDescription", "pk": 3
},
{ "fields": {
    "last_signed": "2025-01-01T00:00:00+00:00",
    "agreement": 1,
    "user": 7
  },
  "model": "saas.signature", "pk": 2
},
{ "fields": {
    "created_at": "2025-01-01T00:00:00+00:00",
    "role_description": 1,
    "organization": 6, "user": 7}, "model": "saas.Role", "pk": 3
},
{ "fields": {
    "last_signed": "2025-01-01T00:00:00+00:00",
    "agreement": 1,
    "user": 8
  },
  "model": "saas.signature", "pk": 3
},
{ "fields": {
    "created_at": "2025-01-01T00:00:00+00:00",
    "role_description": 1,
    "organization": 8, "user": 8}, "model": "saas.Role", "pk": 4
},
{ "fields": {
    "created_at": "2025-01-01T00:00:00+00:00",
    "role_description": 2,
    "organization": 6, "user": 8}, "model": "saas.Role", "pk": 5
},
{ "fields": {
    "last_signed": "2025-01-01T00:00:00+00:00",
    "agreement": 1,
    "user": 9
  },
  "model": "saas.signature", "pk": 9
},
{ "fields": {
    "created_at": "2025-01-01T00:00:00+00:00",
    "role_description": 3,
    "organization": 6, "user": 9}, "model": "saas.Role", "pk": 6
},
{ "fields": {
    "last_signed": "2025-01-01T00:00:00+00:00",
    "agreement": 1,
    "user": 12
  },
  "model": "saas.signature", "pk": 12
},
{ "fields": {
    "created_at": "2025-01-01T00:00:00+00:00",
    "role_description": 1,
    "organization": 3, "user": 12}, "model": "saas.Role", "pk": 12
},
{ "fields" : {
    "slug": "supplier-2",
    "full_name": "S2 - Erquin Asssociates (Demo)",
    "country": "US",
    "created_at": "2025-01-01T00:00:00+00:00"
  },
  "model" : "saas.organization", "pk" : 10
},
{ "fields" : {
    "slug": "supplier-3",
    "full_name": "S3 - Smith & Hill (Demo)",
    "country": "US",
    "created_at": "2025-01-01T00:00:00+00:00"
  },
  "model" : "saas.organization", "pk" : 11
},
{ "fields" : {
    "slug": "supplier-4",
    "full_name": "S4 - Hector Digging (Demo)",
    "country": "US",
    "created_at": "2025-01-01T00:00:00+00:00"
  },
  "model" : "saas.organization", "pk" : 12
},
{ "fields" : {
    "slug": "supplier-5",
    "full_name": "S5 - Middletown Steel (Demo)",
    "country": "US",
    "created_at": "2025-01-01T00:00:00+00:00"
  },
  "model" : "saas.organization", "pk" : 13
},
{ "fields" : {
    "slug": "supplier-6",
    "full_name": "S6 - Villafort Inc. (Demo)",
    "country": "US",
    "created_at": "2025-01-01T00:00:00+00:00"
  },
  "model" : "saas.organization", "pk" : 14
},
{ "fields" : {
    "slug": "supplier-7",
    "full_name": "S7 - SteelWorks (Demo)",
    "country": "US",
    "created_at": "2025-01-01T00:00:00+00:00"
  },
  "model" : "saas.organization", "pk" : 15
},
{ "fields" : {
    "slug": "supplier-8",
    "full_name": "S8 - Joe Trucks co. (Demo)",
    "country": "US",
    "created_at": "2025-01-01T00:00:00+00:00"
  },
  "model" : "saas.organization", "pk" : 16
},
{ "fields" : {
    "slug": "supplier-9",
    "full_name": "S9 - Ball Construction (Demo)",
    "country": "US",
    "created_at": "2025-01-01T00:00:00+00:00"
  },
  "model" : "saas.organization", "pk" : 17
},
{ "fields" : {
    "slug": "demo-utility",
    "full_name": "Utility (Demo)",
    "country": "US",
    "created_at": "2025-01-01T00:00:00+00:00"
  },
  "model" : "saas.organization", "pk" : 18
},
{ "fields" : {
    "slug": "desktop-reviewers",
    "full_name": "Desktop Reviewers",
    "country": "US",
    "created_at": "2025-01-01T00:00:00+00:00"
  },
  "model" : "saas.organization", "pk" : 19
},
{ "fields": {
    "date_joined": "2025-01-01T00:00:00+00:00",
    "email": "abby@localhost.localdomain",
    "first_name": "Abby",
    "last_name": "Verifier",
    "is_active": true,
    "password": "pbkdf2_sha256$10000$z0MBiWn0Rlem$iZdC6uHomlE07qGK/TqfcfxNzKJtFp03c0JILF1frRc=",
    "username": "abby"}, "model": "auth.User", "pk": 19
},
{ "fields": {
    "last_signed": "2025-01-01T00:00:00+00:00",
    "agreement": 1, "user": 19}, "model": "saas.signature", "pk": 19
},
{
    "fields": {
      "slug": "abby",
      "created_at": "2025-01-01T00:00:00+00:00",
      "user": 19,
      "picture": "/assets/img/profiles/abby.jpg"
    },
    "model": "signup.Contact", "pk": 19
},
{ "fields": {
    "created_at": "2025-01-01T00:00:00+00:00",
    "role_description": 1,
    "organization": 19, "user": 19}, "model": "saas.Role", "pk": 19
},

{
    "fields": {
      "slug": "djaopsp",
      "account": 2,
      "session_backend": 2,
      "entry_point": "http://localhost:8040",
      "enc_key": "m55*tp*jxti7uylwa-"
    },
    "model": "rules.App", "pk": 1
},
{ "fields": {
    "app": 1,
    "rank": 1,
    "path": "/api/content/editables/{profile}/",
    "rule_op": 3
  },
  "model": "rules.Rule", "pk": 1
},
{ "fields": {
    "app": 1,
    "rank": 2,
    "path": "/api/content/",
    "rule_op": 1
  },
  "model": "rules.Rule", "pk": 2
},
{ "fields": {
    "app": 1,
    "rank": 3,
    "path": "/api/activities/{profile}",
    "rule_op": 16,
    "kwargs": "{\"profile\":\"desktop-reviewers\",\"plan\":\"verification-partners\"}"
  },
  "model": "rules.Rule", "pk": 3
},
{ "fields": {
    "app": 1,
    "rank": 4,
    "path": "/api/profile/{profile}/roles/{role}",
    "rule_op": 6
  },
  "model": "rules.Rule", "pk": 4
},
{ "fields": {
    "app": 1,
    "rank": 5,
    "path": "/api/profile/{profile}/roles",
    "rule_op": 1
  },
  "model": "rules.Rule", "pk": 5
},
{ "fields": {
    "app": 1,
    "rank": 6,
    "path": "/api/profile/{profile}",
    "rule_op": 6
  },
  "model": "rules.Rule", "pk": 6
},

{ "fields": {
    "app": 1,
    "rank": 7,
    "path": "/api/profile/",
    "rule_op": 1
  },
  "model": "rules.Rule", "pk": 7
},

{ "fields": {
    "app": 1,
    "rank": 8,
    "path": "/api/units",
    "rule_op": 1
  },
  "model": "rules.Rule", "pk": 8
},
{ "fields": {
    "app": 1,
    "rank": 9,
    "path": "/api/timer",
    "rule_op": 1
  },
  "model": "rules.Rule", "pk": 9
},
{ "fields": {
    "app": 1,
    "rank": 10,
    "path": "/api/{profile}/campaigns",
    "rule_op": 16,
    "kwargs": "{\"plan\": \"premium\"}"
  },
  "model": "rules.Rule", "pk": 11
},
{ "fields": {
    "app": 1,
    "rank": 11,
    "path": "/api/{profile}/reporting/",
    "rule_op": 18,
    "kwargs": "{\"roledescription\": [\"contributor\"]}"
  },
  "model": "rules.Rule", "pk": 11
},
{ "fields": {
    "app": 1,
    "rank": 12,
    "path": "/api/{profile}/",
    "rule_op": 4,
    "kwargs": "{\"roledescription\": [\"contributor\"]}"
  },
  "model": "rules.Rule", "pk": 12
},

{ "fields": {
    "app": 1,
    "rank": 13,
    "path": "/app/assess/",
    "rule_op": 1,
    "engaged": "app,info"
  },
  "model": "rules.Rule", "pk": 13
},
{ "fields": {
    "app": 1,
    "rank": 14,
    "path": "/app/reporting/",
    "rule_op": 1
  },
  "model": "rules.Rule", "pk": 14
},
{ "fields": {
    "app": 1,
    "rank": 15,
    "path": "/app/info/courses/",
    "rule_op": 1
  },
  "model": "rules.Rule", "pk": 15
},
{ "fields": {
    "app": 1,
    "rank": 16,
    "path": "/app/info/",
    "rule_op": 1
  },
  "model": "rules.Rule", "pk": 16
},
{ "fields": {
    "app": 1,
    "rank": 17,
    "path": "/app/{profile}/improve/",
    "rule_op": 4,
    "kwargs": "{\"roledescription\": [\"contributor\"]}"
  },
  "model": "rules.Rule", "pk": 17
},
{ "fields": {
    "app": 1,
    "rank": 18,
    "path": "/app/{profile}/assess/",
    "rule_op": 4,
    "kwargs": "{\"roledescription\": [\"contributor\"]}"
  },
  "model": "rules.Rule", "pk": 18
},
{ "fields": {
    "app": 1,
    "rank": 19,
    "path": "/app/{profile}/reporting/",
    "rule_op": 16,
    "kwargs": "{\"roledescription\": [\"contributor\"]}"
  },
  "model": "rules.Rule", "pk": 19
},
{ "fields": {
    "app": 1,
    "rank": 20,
    "path": "/app/{profile}/",
    "is_forward": false,
    "rule_op": 6,
    "kwargs": "{\"roledescription\": [\"contributor\"]}"
  },
  "model": "rules.Rule", "pk": 20
},
{ "fields": {
    "app": 1,
    "rank": 21,
    "path": "/app/",
    "is_forward": false,
    "rule_op": 1
  },
  "model": "rules.Rule", "pk": 21
},
{ "fields": {
    "app": 1,
    "rank": 22,
    "path": "/getstarted/",
    "rule_op": 0,
    "is_forward": true
  },
  "model": "rules.Rule", "pk": 22
},
{ "fields": {
    "app": 1,
    "rank": 23,
    "path": "/static/",
    "rule_op": 0,
    "is_forward": true
  },
  "model": "rules.Rule", "pk": 23
},
{ "fields": {
    "app": 1,
    "rank": 24,
    "path": "/",
    "rule_op": 0,
    "is_forward": false
  },
  "model": "rules.Rule", "pk": 24
}]
