[
{
    "fields": {
      "slug": "djaopsp",
      "full_name": "DjaoPsp",
      "created_at": "2024-01-01T00:00:00+00:00",
      "email": "alice+djaoapp@localhost.localdomain",
      "phone": "555-555-5555",
      "street_address": "",
      "locality":  "",
      "region": "CA",
      "postal_code": "94133",
      "country": "US",
      "processor": 1,
      "is_provider": 1,
      "is_active": 1
    },
    "model": "saas.Organization", "pk": 2
},
{
    "fields":{
        "code": "HALLOWEEN",
        "created_at":"2024-01-01T00:00:00-00:00",
        "discount_type": 1,
        "discount_value": 5000,
        "organization": 2
    },
    "model" : "saas.Coupon", "pk": 2
},
{
    "fields":{
        "slug":"basic",
        "title":"Basic",
        "created_at":"2024-01-01T00:00:00-00:00",
        "setup_amount": 0,
        "period_amount": 9900,
        "broker_fee_percent": 0,
        "period_type": 4,
        "description":"Get started",
        "organization": 2,
        "is_active": 1
    },
    "model" : "saas.Plan", "pk": 1
},
{
    "fields":{
        "slug":"standard",
        "title":"Standard",
        "created_at":"2024-01-01T00:00:00-00:00",
        "setup_amount": 0,
        "period_amount": 19900,
        "broker_fee_percent": 0,
        "period_type": 4,
        "description":"Get going",
        "organization": 2,
        "is_active": 1
    },
    "model" : "saas.Plan", "pk": 2
},
{
    "fields":{
        "slug":"premium",
        "title":"Premium",
        "created_at":"2024-01-01T00:00:00-00:00",
        "setup_amount": 0,
        "period_amount": 39900,
        "broker_fee_percent": 0,
        "period_type": 4,
        "description":"Get big",
        "organization": 2,
        "is_active": 1
    },
    "model" : "saas.Plan", "pk": 3
},
{
    "fields": {
      "created_at": "2024-01-01T00:00:00-00:00",
      "organization": 2,
      "slug": "contributor",
      "title": "Contributor"
    },
    "model": "saas.RoleDescription", "pk": 2
},
{
    "fields": {
      "date_joined": "2024-01-01T00:00:00-00:00",
      "email": "alice@localhost.localdomain",
      "first_name": "Alice",
      "last_name": "Cooper",
      "is_active": true,
      "is_staff": false,
      "is_superuser": false,
      "last_login": "2024-01-01T00:00:00-00:00",
      "password": "pbkdf2_sha256$10000$z0MBiWn0Rlem$iZdC6uHomlE07qGK/TqfcfxNzKJtFp03c0JILF1frRc=", 
      "username": "alice"
    },
    "model": "auth.User", "pk": 1
},
{
    "fields": {
      "last_signed": "2014-01-01T00:00:00-00:00",
      "agreement": 1,
      "user": 1
    },
    "model": "saas.signature", "pk": 1
},
{
    "fields": {
      "slug": "alice",
      "created_at": "2024-01-01T00:00:00-00:00",
      "user": 1,
      "picture": "/media/livedemo/profiles/alice.jpg"
    },
    "model": "signup.Contact", "pk": 1
},
{
    "fields": {
      "created_at": "2024-01-01T00:00:00-00:00",
      "role_description": 2,
      "organization": 2,
      "user": 1
    },
    "model": "saas.Role", "pk": 1
},
{
    "fields": {
      "date_joined": "2024-01-01T00:00:00-00:00",
      "email": "donny@localhost.localdomain",
      "first_name": "Donny",
      "last_name": "Cooper",
      "is_active": true,
      "is_staff": false,
      "is_superuser": false,
      "last_login": "2014-01-01T00:00:00-00:00",
      "password": "pbkdf2_sha256$10000$z0MBiWn0Rlem$iZdC6uHomlE07qGK/TqfcfxNzKJtFp03c0JILF1frRc=", 
      "username": "donny"
    },
    "model": "auth.User", "pk": 2
},
{
    "fields": {
      "last_signed": "2024-01-01T00:00:00-00:00",
      "agreement": 1,
      "user": 2
    },
    "model": "saas.signature", "pk": 2
},
{
    "fields": {
      "created_at": "2024-01-01T00:00:00-00:00",
      "slug": "cowork",
      "full_name": "Cowork",
      "email": "livedemo+cowork@localhost.localdomain",
      "phone": "555-555-5555",
      "street_address": "350 Bay St.",
      "locality":  "San Francisco",
      "region": "CA",
      "postal_code": "94133",
      "country": "US",
      "processor": 1,
      "is_active": 1
    },
    "model": "saas.Organization", "pk": 3
},
{
    "fields": {
      "created_at": "2024-01-01T00:00:00-00:00",
      "role_description": 2,
      "organization": 3,
      "user": 2
    },
    "model": "saas.Role", "pk": 2
},
{
    "fields": {
      "date_joined": "2024-01-01T00:00:00-00:00",
      "email": "livedemo+steve@localhost.localdomain",
      "first_name": "Steve",
      "last_name": "Lee",
      "is_active": true,
      "is_staff": false,
      "is_superuser": false,
      "last_login": "2024-01-01T00:00:00-00:00",
      "password": "pbkdf2_sha256$10000$z0MBiWn0Rlem$iZdC6uHomlE07qGK/TqfcfxNzKJtFp03c0JILF1frRc=", 
      "username": "steve"
    },
    "model": "auth.User", "pk": 3
},
{
    "fields": {
      "last_signed": "2024-01-01T00:00:00-00:00",
      "agreement": 1,
      "user": 3
    },
    "model": "saas.signature", "pk": 3
},
{
    "fields": {
      "created_at": "2024-01-01T00:00:00-09:00",
      "slug": "steve",
      "email": "livedemo+steve@localhost.localdomain",
      "picture": "/media/livedemo/profiles/xia.jpg",
      "user": 3
    },
    "model": "signup.Contact", "pk": 3
},
{
    "fields": {
      "created_at": "2024-01-01T00:00:00-00:00",
      "slug": "supplier-1",
      "full_name": "S1 - Tamerin (Demo)",
      "email": "livedemo+supplier1@localhost.localdomain",
      "picture": "/media/livedemo/profiles/xia.jpg",
      "phone": "555-555-5555",
      "street_address": "350 Bay St.",
      "locality":  "San Francisco",
      "region": "CA",
      "postal_code": "94133",
      "country": "US",
      "processor": 1,
      "is_active": 1
    },
    "model": "saas.Organization", "pk": 4
},
{
    "fields": {
      "created_at": "2024-01-01T00:00:00-00:00",
      "role_description": 2,
      "organization": 4,
      "user": 3
    },
    "model": "saas.Role", "pk": 3
},
{
    "fields": {
      "slug": "user_contact_notice",
      "title": "Messages through the website contact page",
      "description": "By enabling this notification, you will receive e-mails when a user contacts the website owner through the contact page."
    },
    "model": "signup.Notification", "pk": 1
},
{
    "fields": {
      "slug": "user_registered_notice",
      "title": "A new user has registered",
      "description": "By enabling this notification, you will receive e-mails when a new user has registered to the website."
    },
    "model": "signup.Notification", "pk": 2
},
{
    "fields": {
      "slug": "user_activated_notice",
      "title": "A user has activated his/her account",
      "description": "By enabling this notification, you will receive e-mails when a user has activated their account on the website and are now able to login."
    },
    "model": "signup.Notification", "pk": 3
},
{
    "fields": {
      "slug": "charge_updated",
      "title": "A charge has been created or updated",
      "description": "By enabling this notification, you will receive e-mails when a charge has been created or a refund on a previously given charge given."
    },
    "model": "signup.Notification", "pk": 4
},
{
    "fields": {
      "slug": "card_updated",
      "title": "A credit card on file has been updated",
      "description": "By enabling this notification, you will receive e-mails when a credit card on file has been updated."
    },
    "model": "signup.Notification", "pk": 5
},
{
    "fields": {
      "slug": "order_executed",
      "title": "A order has been placed",
      "description": "By enabling this notification, you will receive e-mails when an order has been placed. It is sent regardless of the charge being successful or not."
    },
    "model": "signup.Notification", "pk": 6
},
{
    "fields": {
      "slug": "profile_updated",
      "title": "A billing profile has been updated",
      "description": "By enabling this notification, you will receive e-mails when fields such as name, address, etc. have been updated."
    },
    "model": "signup.Notification", "pk": 7
},
{
    "fields": {
      "slug": "expires_soon",
      "title": "A subscription is about to expires",
      "description": "By enabling this notification, you will receive e-mails when a subscription is about to expire."
    },
    "model": "signup.Notification", "pk": 8
},
{
    "fields": {
      "slug": "djaopsp",
      "account": 2,
      "authentication": 1,
      "registration": 3,
      "session_backend": 2,
      "entry_point": "http://localhost:8040",
      "enc_key": "m55*tp*jxti7uylwa-"
    },
    "model": "rules.App", "pk": 1
},
{ "fields": {
    "app": 1,
    "rank": 1,
    "path": "/api/content/editables/{profile}/",
    "rule_op": 3
  },
  "model": "rules.Rule", "pk": 1
},
{ "fields": {
    "app": 1,
    "rank": 2,
    "path": "/api/content/",
    "rule_op": 1
  },
  "model": "rules.Rule", "pk": 2
},
{ "fields": {
    "app": 1,
    "rank": 3,
    "path": "/api/profile/{profile}/roles/{role}",
    "rule_op": 6
  },
  "model": "rules.Rule", "pk": 3
},
{ "fields": {
    "app": 1,
    "rank": 4,
    "path": "/api/profile/{profile}/roles",
    "rule_op": 1
  },
  "model": "rules.Rule", "pk": 4
},
{ "fields": {
    "app": 1,
    "rank": 5,
    "path": "/api/profile/{profile}",
    "rule_op": 6
  },
  "model": "rules.Rule", "pk": 5
},

{ "fields": {
    "app": 1,
    "rank": 6,
    "path": "/api/profile/",
    "rule_op": 1
  },
  "model": "rules.Rule", "pk": 6
},

{ "fields": {
    "app": 1,
    "rank": 7,
    "path": "/api/units",
    "rule_op": 1
  },
  "model": "rules.Rule", "pk": 7
},
{ "fields": {
    "app": 1,
    "rank": 8,
    "path": "/api/timer",
    "rule_op": 1
  },
  "model": "rules.Rule", "pk": 8
},
{ "fields": {
    "app": 1,
    "rank": 9,
    "path": "/api/{profile}/campaigns",
    "rule_op": 16,
    "kwargs": "{\"plan\": \"premium\"}"
  },
  "model": "rules.Rule", "pk": 9
},
{ "fields": {
    "app": 1,
    "rank": 10,
    "path": "/api/{profile}/reporting/",
    "rule_op": 18,
    "kwargs": "{\"roledescription\": [\"contributor\"]}"
  },
  "model": "rules.Rule", "pk": 10
},
{ "fields": {
    "app": 1,
    "rank": 11,
    "path": "/api/{profile}/",
    "rule_op": 4,
    "kwargs": "{\"roledescription\": [\"contributor\"]}"
  },
  "model": "rules.Rule", "pk": 11
},

{ "fields": {
    "app": 1,
    "rank": 12,
    "path": "/app/assess/",
    "rule_op": 1,
    "engaged": "app,info"
  },
  "model": "rules.Rule", "pk": 12
},
{ "fields": {
    "app": 1,
    "rank": 13,
    "path": "/app/reporting/",
    "rule_op": 1
  },
  "model": "rules.Rule", "pk": 13
},
{ "fields": {
    "app": 1,
    "rank": 14,
    "path": "/app/info/courses/",
    "rule_op": 1
  },
  "model": "rules.Rule", "pk": 14
},
{ "fields": {
    "app": 1,
    "rank": 15,
    "path": "/app/info/",
    "rule_op": 1
  },
  "model": "rules.Rule", "pk": 15
},
{ "fields": {
    "app": 1,
    "rank": 16,
    "path": "/app/{profile}/improve/",
    "rule_op": 1,
    "kwargs": "{\"roledescription\": [\"contributor\"]}"
  },
  "model": "rules.Rule", "pk": 16
},
{ "fields": {
    "app": 1,
    "rank": 17,
    "path": "/app/{profile}/assess/",
    "rule_op": 1,
    "kwargs": "{\"roledescription\": [\"contributor\"]}"
  },
  "model": "rules.Rule", "pk": 17
},
{ "fields": {
    "app": 1,
    "rank": 18,
    "path": "/app/{profile}/reporting/",
    "rule_op": 1,
    "kwargs": "{\"roledescription\": [\"contributor\"]}"
  },
  "model": "rules.Rule", "pk": 18
},
{ "fields": {
    "app": 1,
    "rank": 19,
    "path": "/app/{profile}/",
    "rule_op": 3,
    "kwargs": "{\"roledescription\": [\"contributor\"]}"
  },
  "model": "rules.Rule", "pk": 19
},
{ "fields": {
    "app": 1,
    "rank": 20,
    "path": "/app/",
    "rule_op": 1
  },
  "model": "rules.Rule", "pk": 20
},
{ "fields": {
    "app": 1,
    "rank": 21,
    "path": "/getstarted/",
    "rule_op": 0,
    "is_forward": true
  },
  "model": "rules.Rule", "pk": 21
},
{ "fields": {
    "app": 1,
    "rank": 23,
    "path": "/",
    "rule_op": 0,
    "is_forward": false
  },
  "model": "rules.Rule", "pk": 23
}]
